{
	"$schema": "https://schemas.wp.org/wp/6.1/theme.json",
	"customTemplates": [
		{
			"name": "about",
			"postTypes": [
				"page"
			],
			"title": "About"
		},
		{
			"name": "blog",
			"postTypes": [
				"page"
			],
			"title": "Blog"
		},
		{
			"name": "blog-sidebar",
			"postTypes": [
				"page"
			],
			"title": "Blog with sidebar"
		},
		{
			"name": "portfolio",
			"postTypes": [
				"page"
			],
			"title": "Portfolio"
		},
		{
			"name": "services",
			"postTypes": [
				"page"
			],
			"title": "Services"
		},
		{
			"name": "contact",
			"postTypes": [
				"page"
			],
			"title": "Contact"
		},
		{
			"name": "home",
			"postTypes": [
				"page"
			],
			"title": "Homepage"
		},
		{
			"name": "page-sidebar",
			"postTypes": [
				"page"
			],
			"title": "Page with Sidebar"
		},
		{
			"name": "single-full",
			"postTypes": [
				"post"
			],
			"title": "Full-width Post"
		},
		{
			"name": "single-portfolio_item",
			"postTypes": [
				"portfolio_item"
			],
			"title": "Portfolio Post"
		},
		{
			"name": "blank",
			"postTypes": [
				"page",
				"post"
			],
			"title": "Blank"
		},
		{
			"name": "no-title",
			"postTypes": [
				"page",
				"post"
			],
			"title": "No Title"
		}
	],
	"settings": {
		"appearanceTools": true,
		"color": {
			"defaultDuotone": false,
			"defaultGradients": false,
			"defaultPalette": false,
			"gradients": [
				{
					"gradient": "linear-gradient(180deg, var(--wp--preset--color--secondary) 0%, var(--wp--preset--color--secondary) 73%, var(--wp--preset--color--background) 73%, var(--wp--preset--color--background) 100%)",
					"name": "Secondary to Light",
					"slug": "black-primary"
				},
				{
					"gradient": "linear-gradient(135deg,rgba(0,0,0,1) 50%,var(--wp--preset--color--tertiary) 100%)",
					"name": "Black to Tertiary",
					"slug": "black-secondary"
				}
			],
			"palette": [
				{
					"color": "#0bb4aa",
					"name": "Primary",
					"slug": "primary"
				},
				{
					"color": "#101010",
					"name": "Secondary",
					"slug": "secondary"
				},
				{
					"color": "#101010",
					"name": "Header & Footer",
					"slug": "header-footer"
				},
				{
					"color": "#6C6C77",
					"name": "Tertiary",
					"slug": "tertiary"
				},
				{
					"color": "#D9D9D9",
					"name": "LightGrey",
					"slug": "lightgrey"
				},
				{
					"color": "#000",
					"name": "Foreground",
					"slug": "foreground"
				},
				{
					"color": "#f9fafd",
					"name": "Background",
					"slug": "background"
				},
				{
					"color": "#ffffff",
					"name": "White",
					"slug": "white"
				},
				{
					"color": "#ffffff",
					"name": "Light Background",
					"slug": "light-background"
				}
			]
		},
		"custom": {
			"fontWeight": {
				"black": 900,
				"bold": 700,
				"extra-bold": 800,
				"light": 300,
				"medium": 500,
				"regular": 400,
				"semi-bold": 600
			},
			"lineHeight": {
				"body": 1.75,
				"heading": 1.1000000000000001,
				"medium": 1.5,
				"one": 1
			},
			"spacing": {
				"outer": "30px"
			}
		},
		"layout": {
			"contentSize": "1200px",
			"wideSize": "1280px"
		},
		"spacing": {
			"spacingSizes": [
				{
					"name": "xSmall",
					"size": "20px",
					"slug": "x-small"
				},
				{
					"name": "Small",
					"size": "40px",
					"slug": "small"
				},
				{
					"name": "Medium",
					"size": "60px",
					"slug": "medium"
				},
				{
					"name": "Large",
					"size": "80px",
					"slug": "large"
				},
				{
					"name": "xLarge",
					"size": "100px",
					"slug": "x-large"
				}
			],
			"units": [
				"px",
				"em",
				"rem",
				"vh",
				"vw",
				"%"
			]
		},
		"typography": {
			"dropCap": false,
			"fluid": true,
			"fontFamilies": [
				{
					"fontFamily": "-apple-system, BlinkMacSystemFont, avenir next, avenir, segoe ui, helvetica neue, helvetica, Cantarell, Ubuntu, roboto, noto, arial, sans-serif)",
					"name": "Sans Serif",
					"slug": "sans-serif"
				},
				{
					"fontFamily": "serif",
					"name": "Serif",
					"slug": "serif"
				},
				{
					"fontFamily": "monospace",
					"name": "Monospace",
					"slug": "monospace"
				},
				{
					"fontFamily": "Archivo, sans-serif",
					"name": "Archivo",
					"slug": "archivo"
				},
				{
					"fontFamily": "Alegreya, serif",
					"name": "Alegreya",
					"slug": "alegreya"
				},
				{
					"fontFamily": "Bitter, sans-serif",
					"name": "Bitter",
					"slug": "bitter"
				},
				{
					"fontFamily": "Crimson Pro, serif",
					"name": "Crimson Pro",
					"slug": "crimson-pro"
				},
				{
					"fontFamily": "DM Sans, sans-serif",
					"name": "DM Sans",
					"slug": "dm-sans"
				},
				{
					"fontFamily": "Epilogue, sans-serif",
					"name": "Epilogue",
					"slug": "epilogue"
				},
				{
					"fontFamily": "Figtree, sans-serif",
					"name": "Figtree",
					"slug": "figtree"
				},
				{
					"fontFamily": "IBM Plex Sans, sans-serif",
					"name": "IBM Plex Sans",
					"slug": "ibm-plex-sans"
				},
				{
					"fontFamily": "IBM Plex Mono, monospace",
					"name": "IBM Plex Mono",
					"slug": "ibm-plex-mono"
				},
				{
					"fontFamily": "Inter, sans-serif",
					"name": "Inter",
					"slug": "inter"
				},
				{
					"fontFamily": "Josefin Sans, sans-serif",
					"name": "Josefin Sans",
					"slug": "josefin-sans"
				},
				{
					"fontFamily": "Jost, sans-serif",
					"name": "Jost",
					"slug": "jost"
				},
				{
					"fontFamily": "Lexend, sans-serif",
					"name": "Lexend",
					"slug": "lexend"
				},
				{
					"fontFamily": "'Libre Baskerville', serif",
					"name": "Libre Baskerville",
					"slug": "libre-baskerville"
				},
				{
					"fontFamily": "'Libre Franklin', sans-serif",
					"name": "Libre Franklin",
					"slug": "libre-franklin"
				},
				{
					"fontFamily": "Lora, serif",
					"name": "Lora",
					"slug": "lora"
				},
				{
					"fontFamily": "Manrope, sans-serif",
					"name": "Manrope",
					"slug": "manrope"
				},
				{
					"fontFamily": "Merriweather, serif",
					"name": "Merriweather",
					"slug": "merriweather"
				},
				{
					"fontFamily": "Montserrat, sans-serif",
					"name": "Montserrat",
					"slug": "montserrat"
				},
				{
					"fontFamily": "Mulish, sans-serif",
					"name": "Mulish",
					"slug": "mulish"
				},
				{
					"fontFamily": "Nunito, sans-serif",
					"name": "Nunito",
					"slug": "nunito"
				},
				{
					"fontFamily": "Open Sans, sans-serif",
					"name": "Open Sans",
					"slug": "open-sans"
				},
				{
					"fontFamily": "Oswald, sans-serif",
					"name": "Oswald",
					"slug": "oswald"
				},
				{
					"fontFamily": "Outfit, sans-serif",
					"name": "Outfit",
					"slug": "outfit"
				},
				{
					"fontFamily": "Playfair Display, serif",
					"name": "Playfair Display",
					"slug": "playfair-display"
				},
				{
					"fontFamily": "Poppins, sans-serif",
					"name": "Poppins",
					"slug": "poppins"
				},
				{
					"fontFamily": "Quicksand, sans-serif",
					"name": "Quicksand",
					"slug": "quicksand"
				},
				{
					"fontFamily": "Raleway, sans-serif",
					"name": "Raleway",
					"slug": "raleway"
				},
				{
					"fontFamily": "Roboto, sans-serif",
					"name": "Roboto",
					"slug": "roboto"
				},
				{
					"fontFamily": "Rubik, sans-serif",
					"name": "Rubik",
					"slug": "rubik"
				},
				{
					"fontFamily": "Source Sans Pro, sans-serif",
					"name": "Source Sans Pro",
					"slug": "source-sans-pro"
				},
				{
					"fontFamily": "Source Serif Pro, sans-serif",
					"name": "Source Serif Pro",
					"slug": "source-serif-pro"
				},
				{
					"fontFamily": "Space Grotesk, sans-serif",
					"name": "Space Grotesk",
					"slug": "space-grotesk"
				},
				{
					"fontFamily": "Urbanist, sans-serif",
					"name": "Urbanist",
					"slug": "urbanist"
				},
				{
					"fontFamily": "Work Sans, sans-serif",
					"name": "Work Sans",
					"slug": "work-sans"
				},
				{
					"fontFamily": "Yeseva One, sans-serif",
					"name": "Yeseva One",
					"slug": "yeseva-one"
				}
			],
			"fontSizes": [
				{
					"fluid": {
						"max": "14px",
						"min": "14px"
					},
					"name": "xSmall",
					"size": "14px",
					"slug": "x-small"
				},
				{
					"fluid": {
						"max": "16px",
						"min": "14px"
					},
					"name": "Small",
					"size": "16px",
					"slug": "small"
				},
				{
					"fluid": {
						"max": "20px",
						"min": "16px"
					},
					"name": "Medium",
					"size": "20px",
					"slug": "medium"
				},
				{
					"fluid": {
						"max": "24px",
						"min": "20px"
					},
					"name": "Large",
					"size": "24px",
					"slug": "large"
				},
				{
					"fluid": {
						"max": "50px",
						"min": "30px"
					},
					"name": "xLarge",
					"size": "50px",
					"slug": "x-large"
				},
				{
					"fluid": {
						"max": "36px",
						"min": "24px"
					},
					"name": "36px",
					"size": "36px",
					"slug": "max-36"
				},
				{
					"fluid": {
						"max": "48px",
						"min": "26px"
					},
					"name": "48px",
					"size": "48px",
					"slug": "max-48"
				},
				{
					"fluid": {
						"max": "60px",
						"min": "30px"
					},
					"name": "60px",
					"size": "60px",
					"slug": "max-60"
				},
				{
					"fluid": {
						"max": "72px",
						"min": "38px"
					},
					"name": "72px",
					"size": "72px",
					"slug": "max-72"
				}
			]
		},
		"useRootPaddingAwareAlignments": true
	},
	"styles": {
		"blocks": {
			"core/button": {
				"color": {
					"background": "var(--wp--preset--color--primary)"
				},
				"typography": {
					"fontFamily": "var(--wp--preset--font-family--montserrat)",
					"fontSize": "var(--wp--preset--font-size--x-small)",
					"fontStyle": "normal",
					"fontWeight": "var(--wp--custom--font-weight--semi-bold)",
					"letterSpacing": "1px",
					"textTransform": "uppercase"
				}
			},
			"core/buttons": {
				"spacing": {
					"blockGap": "10px"
				}
			},
			"core/calendar": {
				"typography": {
					"fontSize": "var(--wp--preset--font-size--small)"
				}
			},
			"core/code": {
				"border": {
					"radius": "0",
					"width": "0"
				},
				"color": {
					"background": "var(--wp--preset--color--foreground)",
					"text": "var(--wp--preset--color--background)"
				},
				"spacing": {
					"padding": {
						"bottom": "25px",
						"left": "30px",
						"right": "30px",
						"top": "25px"
					}
				},
				"typography": {
					"fontFamily": "var(--wp--preset--font-family--monospace)",
					"fontSize": "var(--wp--preset--font-size--small)"
				}
			},
			"core/column": {
				"border": {
					"radius": "4px",
					"width": "0"
				},
				"spacing": {
					"margin": {
						"bottom": "0px"
					}
				}
			},
			"core/columns": {
				"border": {
					"radius": "4px",
					"width": "0"
				},
				"spacing": {
					"margin": {
						"bottom": "0px"
					}
				}
			},
			"core/comment-author-name": {
				"typography": {
					"fontSize": "var(--wp--preset--font-size--small)",
					"lineHeight": "var(--wp--custom--line-height--medium)"
				}
			},
			"core/comment-date": {
				"typography": {
					"fontSize": "var(--wp--preset--font-size--small)",
					"lineHeight": "var(--wp--custom--line-height--medium)"
				}
			},
			"core/comment-edit-link": {
				"typography": {
					"fontSize": "var(--wp--preset--font-size--small)",
					"lineHeight": "var(--wp--custom--line-height--medium)"
				}
			},
			"core/comment-reply-link": {
				"typography": {
					"fontSize": "var(--wp--preset--font-size--small)"
				}
			},
			"core/cover": {
				"border": {
					"color": false,
					"radius": "5px",
					"style": false,
					"width": false
				},
				"spacing": {
					"padding": {
						"bottom": "30px",
						"left": "30px",
						"right": "30px",
						"top": "30px"
					}
				}
			},
			"core/group": {
				"spacing": {
					"padding": "0px"
				}
			},
			"core/heading": {
				"color": {
					"text": "var(--wp--preset--color--foreground)"
				},
				"spacing": {
					"margin": {
						"bottom": "10px",
						"top": "0px"
					}
				},
				"typography": {
					"fontWeight": "var(--wp--custom--font-weight--semi-bold)",
					"lineHeight": "var(--wp--custom--line-height--heading)"
				}
			},
			"core/image": {
				"spacing": {
					"margin": {
						"bottom": "30px",
						"left": "0",
						"right": "0",
						"top": "0"
					}
				}
			},
			"core/media-text": {
				"spacing": {
					"margin": {
						"bottom": "30px",
						"left": "0",
						"right": "0",
						"top": "0"
					}
				}
			},
			"core/navigation": {
				"typography": {
					"fontFamily": "var(--wp--preset--font-family--montserrat)",
					"fontSize": "var(--wp--preset--font-size--small)",
					"fontWeight": "var(--wp--custom--font-weight--medium)"
				}
			},
			"core/paragraph": {
				"spacing": {
					"margin": {
						"bottom": "30px",
						"top": "0px"
					}
				}
			},
			"core/post-title": {
				"typography": {
					"fontSize": "var(--wp--preset--font-size--x-large)",
					"fontWeight": "var(--wp--custom--font-weight--medium)",
					"lineHeight": "var(--wp--custom--line-height--heading)"
				}
			},
			"core/preformatted": {
				"border": {
					"color": "var(--wp--preset--color--foreground)",
					"radius": "0"
				},
				"color": {
					"background": "var(--wp--preset--color--foreground)",
					"text": "var(--wp--preset--color--background)"
				},
				"spacing": {
					"padding": {
						"bottom": "25px",
						"left": "30px",
						"right": "30px",
						"top": "25px"
					}
				},
				"typography": {
					"fontFamily": "var(--wp--preset--font-family--monospace)",
					"fontSize": "var(--wp--preset--font-size--small)"
				}
			},
			"core/pullquote": {
				"border": {
					"color": "var(--wp--preset--color--foreground)",
					"style": "solid",
					"width": "1px"
				},
				"spacing": {
					"padding": {
						"bottom": "20px",
						"left": "20px",
						"right": "20px",
						"top": "20px"
					}
				},
				"typography": {
					"fontSize": "var(--wp--preset--font-size--medium)",
					"lineHeight": "var(--wp--custom--line-height--medium)"
				}
			},
			"core/quote": {
				"border": {
					"color": "var(--wp--preset--color--foreground)",
					"style": "solid",
					"width": "1px"
				},
				"spacing": {
					"margin": {
						"bottom": "35px"
					},
					"padding": {
						"bottom": "30px",
						"left": "40px",
						"right": "40px",
						"top": "30px"
					}
				},
				"typography": {
					"lineHeight": "var(--wp--custom--line-height--medium)"
				}
			},
			"core/read-more": {
				"border": {
					"color": "var(--wp--preset--color--lightgrey)",
					"style": "solid",
					"width": "2px"
				},
				"color": {
					"text": "var(--wp--preset--color--foreground)"
				},
				"spacing": {
					"padding": {
						"bottom": "10px",
						"left": "25px",
						"right": "25px",
						"top": "10px"
					}
				},
				"typography": {
					"fontFamily": "var(--wp--preset--font-family--montserrat)",
					"fontSize": "13px",
					"fontStyle": "normal",
					"fontWeight": "var(--wp--custom--font-weight--semi-bold)",
					"letterSpacing": "1px",
					"textTransform": "uppercase"
				}
			},
			"core/separator": {
				"border": {
					"radius": "0",
					"width": "0"
				},
				"color": {
					"text": "var(--wp--preset--color--foreground)"
				},
				"typography": {
					"fontSize": "var(--wp--preset--font-size--large)"
				}
			},
			"core/site-tagline": {
				"spacing": {
					"margin": {
						"bottom": "20px"
					}
				},
				"typography": {
					"fontSize": "var(--wp--preset--font-size--small)"
				}
			},
			"core/site-title": {
				"typography": {
					"fontFamily": "var(--wp--preset--font-family--montserrat)",
					"fontSize": "var(--wp--preset--font-size--large)",
					"fontWeight": "var(--wp--custom--font-weight--bold)",
					"lineHeight": "var(--wp--custom--line-height--one)"
				}
			},
			"core/spacer": {
				"spacing": {
					"margin": {
						"top": "0 !important"
					}
				}
			},
			"core/table": {
				"typography": {
					"fontSize": "var(--wp--preset--font-size--small)"
				}
			},
			"core/template-part": {
				"spacing": {
					"margin": {
						"top": "0px !important"
					}
				}
			}
		},
		"color": {
			"background": "var:preset|color|white",
			"text": "var(--wp--preset--color--tertiary)"
		},
		"elements": {
			"button": {
				"border": {
					"radius": "0"
				},
				"spacing": {
					"padding": {
						"bottom": "10px",
						"left": "25px",
						"right": "25px",
						"top": "10px"
					}
				}
			},
			"caption": {
				"color": {
					"text": "var(--wp--preset--color--foreground)"
				},
				"spacing": {
					"margin": {
						"bottom": "0px",
						"top": "10px"
					}
				},
				"typography": {
					"fontSize": "var(--wp--preset--font-size--small)"
				}
			},
			"h1": {
				"typography": {
					"fontSize": "var(--wp--preset--font-size--x-large)"
				}
			},
			"h2": {
				"typography": {
					"fontSize": "var(--wp--preset--font-size--large)"
				}
			},
			"h3": {
				"typography": {
					"fontSize": "var(--wp--preset--font-size--large)"
				}
			},
			"h4": {
				"typography": {
					"fontSize": "var(--wp--preset--font-size--medium)"
				}
			},
			"h5": {
				"typography": {
					"fontSize": "var(--wp--preset--font-size--small)"
				}
			},
			"h6": {
				"typography": {
					"fontSize": "var(--wp--preset--font-size--small)"
				}
			},
			"link": {
				"color": {
					"text": "var(--wp--preset--color--primary)"
				}
			}
		},
		"spacing": {
			"blockGap": "30px"
		},
		"typography": {
			"fontFamily": "var(--wp--preset--font-family--inter)",
			"fontSize": "var(--wp--preset--font-size--small)",
			"fontWeight": "var(--wp--custom--font-weight--regular)",
			"lineHeight": "var(--wp--custom--line-height--body)"
		}
	},
	"templateParts": [
		{
			"area": "header",
			"name": "header",
			"title": "Header"
		},
		{
			"area": "header",
			"name": "header-transparent",
			"title": "Header (Transparent)"
		},
		{
			"area": "header",
			"name": "header-posts",
			"title": "Header (Transparent) in Posts"
		},
		{
			"area": "uncategorized",
			"name": "sidebar",
			"title": "Sidebar"
		},
		{
			"area": "footer",
			"name": "footer-call-to-action",
			"title": "Footer Call-to-action"
		},
		{
			"area": "footer",
			"name": "footer",
			"title": "Footer"
		},
		{
			"area": "uncategorized",
			"name": "comments",
			"title": "Comments"
		}
	],
	"version": 2
}