{
	"version": 2,
	"title": "Yeseva One",
	"settings": {
        "custom": {
            "heading": {
                "typography": {
                    "fontFamily": "var(--wp--preset--font-family--yeseva-one)"
                }
            }
        },
		"color": {
			"palette": [
                {
                    "color": "#40916C",
                    "name": "Primary",
                    "slug": "primary"
                },
                {
                    "color": "#081C15",
                    "name": "Secondary",
                    "slug": "secondary"
                },
                {
                    "color": "#081C15",
                    "name": "Header & Footer",
                    "slug": "header-footer"
                },
                {
                    "color": "#6C6C77",
                    "name": "Tertiary",
                    "slug": "tertiary"
                },
                {
                    "color": "#EDEDED",
                    "name": "LightGrey",
                    "slug": "lightgrey"
                },
                {
                    "color": "#081C15",
                    "name": "Foreground",
                    "slug": "foreground"
                },
                {
                    "color": "#FCFFFC",
                    "name": "Background",
                    "slug": "background"
                },
                {
                    "color": "#ffffff",
                    "name": "White",
                    "slug": "white"
                },
                {
                    "color": "#ffffff",
                    "name": "Light Background",
                    "slug": "light-background"
                }
            ]
		}
	},
    "styles": {
        "blocks": {
            "core/heading": {
                "typography": {
                    "fontFamily": "var(--wp--preset--font-family--yeseva-one)"
                }
            },
            "core/post-title": {
                "typography": {
                    "fontFamily": "var(--wp--preset--font-family--yeseva-one)"
                }
            }
        },
        "elements": {
            "h1": {
                "typography": {
                    "fontFamily": "var(--wp--preset--font-family--yeseva-one)"
                }
            },
            "h2": {
                "typography": {
                    "fontFamily": "var(--wp--preset--font-family--yeseva-one)"
                }
            },
            "h3": {
                "typography": {
                    "fontFamily": "var(--wp--preset--font-family--yeseva-one)"
                }
            },
            "h4": {
                "typography": {
                    "fontFamily": "var(--wp--preset--font-family--yeseva-one)"
                }
            },
            "h5": {
                "typography": {
                    "fontFamily": "var(--wp--preset--font-family--yeseva-one)"
                }
            },
            "h6": {
                "typography": {
                    "fontFamily": "var(--wp--preset--font-family--yeseva-one)"
                }
            }
        },
        "typography": {
            "fontFamily": "var(--wp--preset--font-family--josefin-sans)"
        }
    }
}
	